Chr,Position,NBS
ChrA1,0,8054
ChrA1,1,8908
ChrA1,2,2833
ChrA1,3,3109
ChrA1,4,2139
ChrA1,5,125
ChrA1,6,7832
ChrA1,7,8504
ChrA1,8,917
ChrA1,9,5508
ChrA1,10,1293
ChrA1,11,2216
ChrA1,12,5526
ChrA1,13,6673
ChrA1,14,4292
ChrA1,15,6308
ChrA1,16,8703
ChrA1,17,9212
ChrA1,18,231
ChrA1,19,366
ChrA1,20,6685
ChrA1,21,6386
ChrA1,22,9381
ChrA1,23,5713
ChrA1,24,2673
ChrA1,25,2963
ChrA1,26,4456
ChrA1,27,7349
ChrA1,28,2471
ChrA1,29,5401
ChrA1,30,3110
ChrA2,0,3909
ChrA2,1,4111
ChrA2,2,5473
ChrA2,3,5722
ChrA2,4,7904
ChrA2,5,6572
ChrA2,6,8863
ChrA2,7,8068
ChrA2,8,339
ChrA2,9,4957
ChrA2,10,659
ChrA2,11,9674
ChrA2,12,10
ChrA2,13,8780
ChrA2,14,5644
ChrA2,15,9456
ChrA2,16,1407
ChrA2,17,3938
ChrA2,18,4607
ChrA2,19,8990
ChrA2,20,3624
ChrA2,21,3152
ChrA2,22,6027
ChrA2,23,3290
ChrA2,24,2275
ChrA2,25,5944
ChrA2,26,9763
ChrA2,27,1733
ChrA2,28,9446
ChrA2,29,1112
ChrA2,30,6204
ChrA3,0,3237
ChrA3,1,3010
ChrA3,2,9097
ChrA3,3,1353
ChrA3,4,176
ChrA3,5,6329
ChrA3,6,7093
ChrA3,7,2127
ChrA3,8,6750
ChrA3,9,2750
ChrA3,10,2956
ChrA3,11,7593
ChrA3,12,6918
ChrA3,13,2328
ChrA3,14,4668
ChrA3,15,4139
ChrA3,16,8480
ChrA3,17,9269
ChrA3,18,6822
ChrA3,19,2676
ChrA3,20,3182
ChrA3,21,7843
ChrA3,22,8746
ChrA3,23,2963
ChrA3,24,9156
ChrA3,25,9327
ChrA3,26,71
ChrA3,27,6755
ChrA3,28,4408
ChrA3,29,7477
ChrA3,30,3200
ChrA4,0,3880
ChrA4,1,9094
ChrA4,2,1999
ChrA4,3,2107
ChrA4,4,2377
ChrA4,5,5903
ChrA4,6,9937
ChrA4,7,6817
ChrA4,8,1603
ChrA4,9,9469
ChrA4,10,770
ChrA4,11,983
ChrA4,12,2718
ChrA4,13,9234
ChrA4,14,7865
ChrA4,15,2226
ChrA4,16,2163
ChrA4,17,2937
ChrA4,18,9116
ChrA4,19,938
ChrA4,20,1616
ChrA4,21,9998
ChrA4,22,7190
ChrA4,23,6916
ChrA4,24,3105
ChrA4,25,261
ChrA4,26,4617
ChrA4,27,4474
ChrA4,28,7614
ChrA4,29,3204
ChrA4,30,9611
ChrA5,0,3520
ChrA5,1,583
ChrA5,2,2932
ChrA5,3,6375
ChrA5,4,3007
ChrA5,5,4577
ChrA5,6,9518
ChrA5,7,9842
ChrA5,8,3214
ChrA5,9,1496
ChrA5,10,4436
ChrA5,11,8462
ChrA5,12,5270
ChrA5,13,1871
ChrA5,14,7619
ChrA5,15,6004
ChrA5,16,5553
ChrA5,17,9418
ChrA5,18,5280
ChrA5,19,1029
ChrA5,20,4176
ChrA5,21,7438
ChrA5,22,5566
ChrA5,23,7078
ChrA5,24,6987
ChrA5,25,223
ChrA5,26,9465
ChrA5,27,3092
ChrA5,28,5894
ChrA5,29,5783
ChrA5,29,2799
ChrA6,0,224
ChrA6,1,9810
ChrA6,2,5222
ChrA6,3,7263
ChrA6,4,1763
ChrA6,5,8628
ChrA6,6,8718
ChrA6,7,6278
ChrA6,8,5063
ChrA6,9,755
ChrA6,10,4629
ChrA6,11,571
ChrA6,12,8115
ChrA6,13,6017
ChrA6,14,7475
ChrA6,15,2273
ChrA6,16,2292
ChrA6,17,5024
ChrA6,18,8225
ChrA6,19,6465
ChrA6,20,1533
ChrA6,21,1393
ChrA6,22,2471
ChrA6,23,3227
ChrA6,24,4868
ChrA6,25,14
ChrA6,26,6615
ChrA6,27,9128
ChrA6,28,1796
ChrA6,29,5473
ChrA6,30,9006
ChrA7,0,343
ChrA7,1,336
ChrA7,2,795
ChrA7,3,8699
ChrA7,4,8165
ChrA7,5,1942
ChrA7,6,9750
ChrA7,7,7168
ChrA7,8,2005
ChrA7,9,4860
ChrA7,10,8567
ChrA7,11,9811
ChrA7,12,5513
ChrA7,13,6258
ChrA7,14,8310
ChrA7,15,1118
ChrA7,16,8099
ChrA7,17,2624
ChrA7,18,4090
ChrA7,19,2554
ChrA7,20,1286
ChrA7,21,6391
ChrA7,22,6603
ChrA7,23,6252
ChrA7,24,9508
ChrA7,25,8574
ChrA7,26,8691
ChrA7,27,1586
ChrA7,28,6818
ChrA7,29,9524
ChrA7,30,6169
ChrA8,0,5604
ChrA8,1,1902
ChrA8,2,227
ChrA8,3,2242
ChrA8,4,6320
ChrA8,5,3662
ChrA8,6,903
ChrA8,7,8703
ChrA8,8,1013
ChrA8,9,8966
ChrA8,10,8999
ChrA8,11,9772
ChrA8,12,9066
ChrA8,13,3430
ChrA8,14,8204
ChrA8,15,6429
ChrA8,16,3823
ChrA8,17,7333
ChrA8,18,8604
ChrA8,19,1951
ChrA8,20,1708
ChrA8,21,2151
ChrA8,22,6185
ChrA8,23,2482
ChrA8,24,1088
ChrA8,25,6284
ChrA8,26,8961
ChrA8,27,9157
ChrA8,28,3537
ChrA8,29,3232
ChrA8,30,4153
ChrA9,0,191
ChrA9,1,9293
ChrA9,2,9908
ChrA9,3,1467
ChrA9,4,3274
ChrA9,5,3713
ChrA9,6,7244
ChrA9,7,5702
ChrA9,8,9434
ChrA9,9,3631
ChrA9,10,2926
ChrA9,11,3162
ChrA9,12,6419
ChrA9,13,2682
ChrA9,14,1297
ChrA9,15,2977
ChrA9,16,3115
ChrA9,17,6106
ChrA9,18,3103
ChrA9,19,1888
ChrA9,20,2525
ChrA9,21,1481
ChrA9,22,6309
ChrA9,23,3228
ChrA9,24,8695
ChrA9,25,3454
ChrA9,26,9927
ChrA9,27,1378
ChrA9,28,3867
ChrA9,29,2089
ChrA9,30,9486
ChrA10,0,2940
ChrA10,1,1422
ChrA10,2,2617
ChrA10,3,6636
ChrA10,4,5921
ChrA10,5,4859
ChrA10,6,7209
ChrA10,7,8128
ChrA10,8,2974
ChrA10,9,2759
ChrA10,10,615
ChrA10,11,6317
ChrA10,12,437
ChrA10,13,59
ChrA10,14,3404
ChrA10,15,9905
ChrA10,16,8229
ChrA10,17,3815
ChrA10,18,6368
ChrA10,19,3863
ChrA10,20,6561
ChrA10,21,5691
ChrA10,22,1049
ChrA10,23,8744
ChrA10,24,1265
ChrA10,25,3772
ChrA10,26,5634
ChrA10,27,9115
ChrA10,28,3831
ChrA10,29,6514
ChrA10,30,4433
ChrC1,0,5326
ChrC1,1,1486
ChrC1,2,7761
ChrC1,3,7768
ChrC1,4,3052
ChrC1,5,9916
ChrC1,6,5832
ChrC1,7,9659
ChrC1,8,3892
ChrC1,9,5859
ChrC1,10,9522
ChrC1,11,8374
ChrC1,12,3215
ChrC1,13,6064
ChrC1,14,4907
ChrC1,15,8296
ChrC1,16,9257
ChrC1,17,6138
ChrC1,18,6245
ChrC1,19,4327
ChrC1,20,1271
ChrC1,21,8685
ChrC1,22,2760
ChrC1,23,6120
ChrC1,24,2472
ChrC1,25,1311
ChrC1,26,2574
ChrC1,27,828
ChrC1,28,4981
ChrC1,29,5403
ChrC1,30,1593
ChrC2,0,6818
ChrC2,1,1049
ChrC2,2,6567
ChrC2,3,4853
ChrC2,4,9389
ChrC2,5,8318
ChrC2,6,986
ChrC2,7,4871
ChrC2,8,3707
ChrC2,9,5707
ChrC2,10,3320
ChrC2,11,7503
ChrC2,12,1752
ChrC2,13,9533
ChrC2,14,6313
ChrC2,15,3222
ChrC2,16,6667
ChrC2,17,4986
ChrC2,18,8311
ChrC2,19,6498
ChrC2,20,4617
ChrC2,21,2338
ChrC2,22,4124
ChrC2,23,2349
ChrC2,24,7367
ChrC2,25,2544
ChrC2,26,1875
ChrC2,27,6248
ChrC2,28,6797
ChrC2,29,6596
ChrC2,30,4200
ChrC3,0,1728
ChrC3,1,8486
ChrC3,2,6415
ChrC3,3,2135
ChrC3,4,1982
ChrC3,5,3731
ChrC3,6,7172
ChrC3,7,767
ChrC3,8,1466
ChrC3,9,6561
ChrC3,10,9491
ChrC3,11,5857
ChrC3,12,5654
ChrC3,13,8162
ChrC3,14,8698
ChrC3,15,6499
ChrC3,16,1323
ChrC3,17,6042
ChrC3,18,4717
ChrC3,19,4323
ChrC3,20,5665
ChrC3,21,7968
ChrC3,22,5109
ChrC3,23,665
ChrC3,24,4118
ChrC3,25,6681
ChrC3,26,5582
ChrC3,27,5178
ChrC3,28,2357
ChrC3,29,2955
ChrC3,30,3729
ChrC4,0,3187
ChrC4,1,5791
ChrC4,2,4004
ChrC4,3,9990
ChrC4,4,36
ChrC4,5,4676
ChrC4,6,9850
ChrC4,7,8303
ChrC4,8,8956
ChrC4,9,9853
ChrC4,10,3566
ChrC4,11,6208
ChrC4,12,3489
ChrC4,13,1955
ChrC4,14,3853
ChrC4,15,5378
ChrC4,16,4188
ChrC4,17,7732
ChrC4,18,3453
ChrC4,19,7215
ChrC4,20,6690
ChrC4,21,7092
ChrC4,22,3734
ChrC4,23,4127
ChrC4,24,8561
ChrC4,25,5951
ChrC4,26,2023
ChrC4,27,7275
ChrC4,28,3986
ChrC4,29,7989
ChrC4,30,5246
ChrC5,0,9561
ChrC5,1,5256
ChrC5,2,6812
ChrC5,3,7128
ChrC5,4,3589
ChrC5,5,3490
ChrC5,6,8197
ChrC5,7,6136
ChrC5,8,2622
ChrC5,9,9456
ChrC5,10,6493
ChrC5,11,1839
ChrC5,12,6447
ChrC5,13,3110
ChrC5,14,4180
ChrC5,15,7045
ChrC5,16,9721
ChrC5,17,3429
ChrC5,18,6079
ChrC5,19,8432
ChrC5,20,9236
ChrC5,21,2288
ChrC5,22,5106
ChrC5,23,6584
ChrC5,24,4246
ChrC5,25,3471
ChrC5,26,8578
ChrC5,27,7983
ChrC5,28,1135
ChrC5,29,7272
ChrC5,29,3820
ChrC6,0,558
ChrC6,1,2799
ChrC6,2,7807
ChrC6,3,7112
ChrC6,4,6364
ChrC6,5,9905
ChrC6,6,4619
ChrC6,7,8558
ChrC6,8,547
ChrC6,9,8852
ChrC6,10,379
ChrC6,11,6034
ChrC6,12,3276
ChrC6,13,3811
ChrC6,14,592
ChrC6,15,9390
ChrC6,16,6834
ChrC6,17,300
ChrC6,18,7430
ChrC6,19,2610
ChrC6,20,2634
ChrC6,21,9730
ChrC6,22,4083
ChrC6,23,4237
ChrC6,24,842
ChrC6,25,9455
ChrC6,26,5300
ChrC6,27,2779
ChrC6,28,4795
ChrC6,29,3524
ChrC6,30,2366
ChrC7,0,1133
ChrC7,1,2809
ChrC7,2,5242
ChrC7,3,2637
ChrC7,4,62
ChrC7,5,7806
ChrC7,6,1067
ChrC7,7,6931
ChrC7,8,4305
ChrC7,9,9301
ChrC7,10,3071
ChrC7,11,8066
ChrC7,12,116
ChrC7,13,1256
ChrC7,14,6994
ChrC7,15,1220
ChrC7,16,7368
ChrC7,17,256
ChrC7,18,5645
ChrC7,19,5969
ChrC7,20,6888
ChrC7,21,5491
ChrC7,22,5576
ChrC7,23,9556
ChrC7,24,3537
ChrC7,25,4110
ChrC7,26,2149
ChrC7,27,7719
ChrC7,28,9050
ChrC7,29,4354
ChrC7,30,8381
ChrC8,0,1043
ChrC8,1,3804
ChrC8,2,6825
ChrC8,3,6278
ChrC8,4,1715
ChrC8,5,4145
ChrC8,6,5227
ChrC8,7,3117
ChrC8,8,2961
ChrC8,9,3951
ChrC8,10,3973
ChrC8,11,3652
ChrC8,12,4307
ChrC8,13,1458
ChrC8,14,8979
ChrC8,15,5655
ChrC8,16,7286
ChrC8,17,4590
ChrC8,18,6079
ChrC8,19,7528
ChrC8,20,2956
ChrC8,21,4728
ChrC8,22,1531
ChrC8,23,125
ChrC8,24,3661
ChrC8,25,2900
ChrC8,26,3318
ChrC8,27,2124
ChrC8,28,6326
ChrC8,29,2364
ChrC8,30,2728
ChrC9,0,6042
ChrC9,1,5750
ChrC9,2,5236
ChrC9,3,1068
ChrC9,4,8768
ChrC9,5,9354
ChrC9,6,1117
ChrC9,7,7380
ChrC9,8,5258
ChrC9,9,3307
ChrC9,10,7447
ChrC9,11,4764
ChrC9,12,7092
ChrC9,13,7087
ChrC9,14,9805
ChrC9,15,3219
ChrC9,16,5775
ChrC9,17,7609
ChrC9,18,6661
ChrC9,19,4524
ChrC9,20,7146
ChrC9,21,3314
ChrC9,22,5668
ChrC9,23,4494
ChrC9,24,943
ChrC9,25,1717
ChrC9,26,4392
ChrC9,27,2163
ChrC9,28,5736
ChrC9,29,1779
ChrC9,30,9547
